Shoe Name,Price,Stars,Delivery(days),
BestShoe,£30 ,4.5,1,
Invisible,£0 ,5,1,
Skechers Men's Status 2.0 Pexton Boat Shoes,£37.19 ,4.6,1,
SALOMON Men's Speedcross Trail Running Shoes,£116.46 ,4.4,1,
Damyuan Mens Running Walking Tennis Trainers,£30.99 ,4,1,
FitVille Mens Extra Wide Fit Trainers,£64.99 ,4.4,1,
DREAM PAIRS Women's Ballet Flats,£26.99 ,4.2,1,
HKR Women Trainers,£34.89 ,4.2,1,
STQ Womens Walking Shoes,£31.88 ,4.1,1,
HKR Womens Slip on Trainers,£33.98 ,4.4,1,
Juicy Bumbles Baby Shoes,£12.99 ,4.4,1,
TIOSEBON Women Trainers,£33.88 ,4.4,1,
Hotter Women's Gravity II,£71.20 ,3.1,1,
Merrell Men's Moab 3 GTX Hiking Shoe,£86.36 ,4.4,1,
Vans Men's Atwood Sneaker,£44.00 ,4.6,1,
Superga Unisex's Cotu Classic Trainers,£25.00 ,4.5,1,
Hush Puppies Men's Brandon Oxford,£53.37 ,4.3,1,
TEEZY No Tie Shoe Laces for Trainers,£7.49 ,4.2,1,
SALOMON Men's Xa Pro 3D Gore-tex Trail Running Shoes,£134.32 ,4.3,1,
Lunar St Ives Leather Plimsoll,£39.99 ,4.5,1,
Rocket Dog Jazzin Malden Womens Multi Canvas,£14.99 ,4.6,1,
Feethit Trainers Men Running Shoes,£31.99 ,4.4,1,
Jo & Joe Women Leather Flat Loafer,£22.99 ,4.4,1,
Skechers Men's Status 2.0-Lorano Boat Shoes,£39.99 ,4.6,1,
Bruno Marc Mens Oxfords Shoes,£33.99 ,4.3,1,
Tommy Hilfiger Harlow Low Top Sneakers,£48.00 ,4.3,1,
TOMS Men's Recycled Cotton Alpargata Loafer Flat,£26.40 ,4.5,1,
Clarks Men's Step Urban Mix Sneaker,£42.73 ,4.3,1,
Merrell Men's Jungle Moc Ltr Sr-Black,£87.17 ,4.6,1,